feature,gain
RDKit_MolLogP,2.0858414983328375
RDKit_SlogP_VSA5,0.734363366230488
RDKit_PEOE_VSA6,0.6871848651846405
RDKit_NumAromaticCarbocycles,0.5898878051492434
RDKit_VSA_EState7,0.5404404566837686
RDKit_fr_benzene,0.20916726070158498
RDKit_MolMR,0.19915937259196376
RDKit_Chi0v,0.11691690095300203
Morgan_1844,0.11158293881748468
RDKit_EState_VSA7,0.10230964152222455
RDKit_SlogP_VSA6,0.08319826091591206
RDKit_SMR_VSA7,0.08254972719318655
RDKit_fr_allylic_oxid,0.08163000877034154
Morgan_1380,0.0799041075846727
RDKit_EState_VSA6,0.07958474091398285
RDKit_PEOE_VSA7,0.07837937847052623
RDKit_fr_halogen,0.07778214059959679
RDKit_fr_piperdine,0.07477986604907716
RDKit_NHOHCount,0.07208140268026157
RDKit_VSA_EState8,0.06254070935640861
RDKit_PEOE_VSA14,0.057539629989910045
RDKit_fr_NH2,0.05261620593643743
RDKit_SlogP_VSA4,0.045703344496404084
Morgan_1017,0.0444181480942449
RDKit_PEOE_VSA12,0.04426596117467904
RDKit_NumHDonors,0.04120649995709447
RDKit_SMR_VSA5,0.04085207272476517
RDKit_SMR_VSA3,0.03918918334336778
RDKit_NumAromaticRings,0.038651597985121626
RDKit_NumHeterocycles,0.03864053784478726
RDKit_fr_NH0,0.03627957167608502
Morgan_226,0.03617601534347925
Morgan_1480,0.03607803575960277
RDKit_VSA_EState6,0.033382936940093325
Morgan_14,0.033182556707084546
RDKit_fr_C_O,0.031982556688975365
RDKit_NumRotatableBonds,0.031706071686956855
Morgan_1854,0.03162617125658367
RDKit_EState_VSA10,0.03149899532354543
Morgan_479,0.030301359456097812
Morgan_875,0.029849843616478102
RDKit_NumAliphaticHeterocycles,0.029653924942963497
Morgan_935,0.0288119435577796
RDKit_fr_aryl_methyl,0.0287035150694976
Morgan_786,0.028693333214692085
RDKit_Chi4n,0.026651471008786776
RDKit_EState_VSA1,0.02638489700342493
Morgan_1120,0.025988130684559182
RDKit_SMR_VSA2,0.025921975044506204
Morgan_598,0.025861525387039345
RDKit_LabuteASA,0.025373392204369183
Morgan_1917,0.025250930117671856
Morgan_695,0.024457425192623415
RDKit_fr_imidazole,0.024199823331858984
Morgan_1582,0.023930959860875244
RDKit_NumBridgeheadAtoms,0.023790304855645587
Morgan_524,0.023121675146111065
RDKit_NOCount,0.022900127523497193
RDKit_RingCount,0.022570544839675293
RDKit_fr_Al_OH_noTert,0.02247273244448446
RDKit_EState_VSA9,0.022471447211265764
RDKit_EState_VSA4,0.021889205548202544
Morgan_167,0.020850264350440677
RDKit_MaxAbsPartialCharge,0.020758167611154215
RDKit_HallKierAlpha,0.02075342738081042
Morgan_389,0.020016901069723442
Morgan_16,0.019574373877748075
RDKit_fr_C_O_noCOO,0.019373239236351224
Morgan_1163,0.019226368379285333
Morgan_435,0.01850172390063835
Morgan_1873,0.018500739036462963
RDKit_TPSA,0.018325282350157283
RDKit_Chi1v,0.018140200327573065
Morgan_592,0.018018541299203467
Morgan_1171,0.01793639142893772
Morgan_1724,0.017880570079795113
RDKit_fr_ketone,0.01766894012179008
RDKit_SMR_VSA10,0.016212948879942315
RDKit_VSA_EState10,0.016180054566990003
RDKit_FpDensityMorgan3,0.015758753669121783
RDKit_fr_quatN,0.015334458481686656
Morgan_318,0.01533049329934497
Morgan_593,0.015060527165431586
Morgan_409,0.014539649381681667
Morgan_1907,0.014418234442296252
Morgan_1535,0.014098996130778788
Morgan_475,0.014096792242122833
Morgan_1267,0.013734804489564708
RDKit_VSA_EState9,0.01363305546156615
RDKit_SMR_VSA1,0.013631113031330806
Morgan_486,0.013595248153434433
Morgan_385,0.012881792444000622
RDKit_fr_Al_OH,0.012844527674063348
Morgan_577,0.01273619989517105
Morgan_284,0.012515093827368604
Morgan_516,0.012477816057979851
Morgan_771,0.012206355901040522
Morgan_601,0.012200880052927751
Morgan_1133,0.012121346805992892
RDKit_PEOE_VSA4,0.012105348262102328
Morgan_480,0.01197788043433689
RDKit_Chi0n,0.011967521108815965
RDKit_Kappa1,0.011851893691840696
RDKit_fr_Ndealkylation2,0.011809892755783421
RDKit_VSA_EState3,0.011745874661578766
Morgan_1908,0.011740927621847912
RDKit_SlogP_VSA8,0.011713611330805826
Morgan_1073,0.011678986695996534
Morgan_1672,0.011579704046617243
Morgan_194,0.011375265539924745
Morgan_835,0.011361502906081754
Morgan_11,0.011360996664606219
Morgan_650,0.011044334100947475
Morgan_1093,0.010956174485176232
RDKit_fr_Al_COO,0.010903443373352853
RDKit_SlogP_VSA11,0.010884636378661007
RDKit_MinAbsPartialCharge,0.010859048212784349
Morgan_192,0.010816975932183507
Morgan_432,0.010730942044503344
RDKit_fr_pyridine,0.010620698115963
Morgan_739,0.010471606561520339
Morgan_227,0.010265351166326118
Morgan_307,0.010075342566158853
RDKit_NumValenceElectrons,0.010022204639303733
Morgan_394,0.009870819329893888
Morgan_1,0.00971954300534215
RDKit_BertzCT,0.00958648108940918
Morgan_504,0.009530251023272054
Morgan_1181,0.009461665087729734
RDKit_fr_COO2,0.009421167861203462
Morgan_401,0.00940572137634338
RDKit_BCUT2D_MRHI,0.009374767129021187
RDKit_Chi1n,0.009229921527746638
Morgan_895,0.009191671019261665
RDKit_fr_bicyclic,0.009042918856854737
Morgan_1005,0.008758894411378417
Morgan_1755,0.008752375052931048
Morgan_1504,0.008467021972477961
RDKit_SMR_VSA6,0.007950610181158533
Morgan_35,0.007566784391288504
Morgan_881,0.007430291706599246
Morgan_1791,0.007367132407204554
Morgan_561,0.007363659335078626
Morgan_387,0.007253962960879711
RDKit_NumHAcceptors,0.007238585322106464
RDKit_Kappa2,0.007178213300428193
Morgan_1848,0.00698833979410273
Morgan_1516,0.00694771752906611
RDKit_fr_Ndealkylation1,0.0066763046211670025
RDKit_fr_unbrch_alkane,0.00645121411250499
Morgan_1905,0.005888077303451976
Morgan_1828,0.005769276514189239
